time,query,scores
1603839827.2215278,AAPL,0.3170731707317073
1603839862.612432,AAPL,0.3333333333333333
