time,query,scores
1603839821.7443962,TESLA,0.2888888888888889
1603839857.390773,TESLA,0.3037037037037037
