time,query,scores
1603839836.7063198,MSFT,0.15294117647058825
1603839873.092853,MSFT,0.14942528735632185
