time,query,scores
1603839832.080864,UBER,-0.1794871794871795
1603839867.847347,UBER,-0.1794871794871795
