time,query,scores
1603839841.310312,AMZN,-0.28
1603839878.07048,AMZN,-0.2
